http://www.usv.com/2005/09/is-bill-gates-t.php, http://www.usv.com/posts/is-bill-gates-the-cat-with-nine-lives
http://www.usv.com/2005/10/location-locati.php, http://www.usv.com/posts/location-location-location
http://www.usv.com/2005/10/the-problem-wit.php, http://www.usv.com/posts/the-problem-with-podcasts
http://www.usv.com/2005/10/wikis.php, http://www.usv.com/posts/wikis
http://www.usv.com/2005/10/inspiration.php, http://www.usv.com/posts/inspiration
http://www.usv.com/2005/10/downturns.php, http://www.usv.com/posts/downturns
http://www.usv.com/2005/10/impact-media.php, http://www.usv.com/posts/impact-media
http://www.usv.com/2005/10/a-new-dimension.php, http://www.usv.com/posts/a-new-dimension
http://www.usv.com/2005/10/indeed.php, http://www.usv.com/posts/indeed
http://www.usv.com/2005/10/delicious.php, http://www.usv.com/posts/delicious
http://www.usv.com/2005/10/audience-manage.php, http://www.usv.com/posts/audience-management
http://www.usv.com/2005/09/union-square-ve.php, http://www.usv.com/posts/union-square-ventures
http://www.usv.com/2005/10/10-steps-to-a-h.php, http://www.usv.com/posts/10-steps-to-a-hugely-successful-web-20-company
http://www.usv.com/2005/10/founders.php, http://www.usv.com/posts/founders
http://www.usv.com/2005/10/hello-world.php, http://www.usv.com/posts/hello-world
http://www.usv.com/2005/10/web-services-ar.php, http://www.usv.com/posts/web-services-are-different
http://www.usv.com/2005/10/metrics.php, http://www.usv.com/posts/metrics
http://www.usv.com/2005/10/management-case.php, http://www.usv.com/posts/management-case-base-case-and-worst-case
http://www.usv.com/2005/10/usv-sessions-1.php, http://www.usv.com/posts/union-square-sessions-1-peer-production
http://www.usv.com/2005/10/usv-sessions-1-1.php, http://www.usv.com/posts/union-square-sessions-1-photos
http://www.usv.com/2005/10/union-square-se.php, http://www.usv.com/posts/union-square-sessions-1-transcript
http://www.usv.com/2005/10/peer-production.php, http://www.usv.com/posts/peer-production-in-action
http://www.usv.com/2005/10/we-dont-get-it.php, http://www.usv.com/posts/we-dont-get-it
http://www.usv.com/2005/10/vc-cliche-of-th.php, http://www.usv.com/posts/vc-cliche-of-the-week
http://www.usv.com/2005/10/seeking-a-super.php, http://www.usv.com/posts/seeking-a-super-talented-productdesign-person
http://www.usv.com/2005/10/sessions-top-te.php, http://www.usv.com/posts/sessions-top-ten-insights-one
http://www.usv.com/2005/10/post.php, http://www.usv.com/posts/sessions-top-ten-insights-two
http://www.usv.com/2005/11/sessions-top-te-2.php, http://www.usv.com/posts/sessions-top-ten-insights-three
http://www.usv.com/2005/11/vc-cliche-of-th-1.php, http://www.usv.com/posts/vc-cliche-of-the-week-2
http://www.usv.com/2005/11/sessions-top-te-1.php, http://www.usv.com/posts/sessions-top-ten-insights-four
http://www.usv.com/2005/11/will-live-kill.php, http://www.usv.com/posts/will-live-kill
http://www.usv.com/2005/11/sessions-top-te-3.php, http://www.usv.com/posts/sessions-top-ten-insights-five
http://www.usv.com/2005/11/vc-cliche-of-th-2.php, http://www.usv.com/posts/vc-cliche-of-the-week-3
http://www.usv.com/2005/11/are-reputations.php, http://www.usv.com/posts/sessions-top-ten-insights-six-reputations-are-not-portable
http://www.usv.com/2005/11/our-customer-is.php, http://www.usv.com/posts/our-customer-is-the-entrepreneur
http://www.usv.com/2005/11/sessions-top-te-5.php, http://www.usv.com/posts/sessions-top-ten-insights-seven-less-control-can-create-more-value
http://www.usv.com/2005/11/cliche-of-the-w.php, http://www.usv.com/posts/cliche-of-the-week
http://www.usv.com/2005/11/sessions-top-te-4.php, http://www.usv.com/posts/sessions-top-ten-insights-eight-putting-a-string-on-data
http://www.usv.com/2005/11/evolution-vs-in.php, http://www.usv.com/posts/evolution-vs-intelligent-design
http://www.usv.com/2005/11/cliche-of-the-w-1.php, http://www.usv.com/posts/cliche-of-the-week-2
http://www.usv.com/2005/11/powered-by.php, http://www.usv.com/posts/powered-by
http://www.usv.com/2005/11/cliche-of-the-w-2.php, http://www.usv.com/posts/cliche-of-the-week-3
http://www.usv.com/2005/12/cliche-of-the-w-3.php, http://www.usv.com/posts/cliche-of-the-week-4
http://www.usv.com/2005/12/a-delicious-eig-1.php, http://www.usv.com/posts/a-delicious-eight-months
http://www.usv.com/2005/12/cliche-of-the-w-4.php, http://www.usv.com/posts/cliche-of-the-week-5
http://www.usv.com/2005/12/cliche-of-the-w-5.php, http://www.usv.com/posts/cliche-of-the-week-6
http://www.usv.com/2006/01/vc-cliche-of-th-3.php, http://www.usv.com/posts/cliche-of-the-week-7
http://www.usv.com/2006/01/cliche-of-the-w-6.php, http://www.usv.com/posts/cliche-of-the-week-8
http://www.usv.com/2006/01/web-services-in.php, http://www.usv.com/posts/web-services-in-the-mist
http://www.usv.com/2006/01/rich-media-real.php, http://www.usv.com/posts/rich-media-realities
http://www.usv.com/2006/01/advertising-out.php, http://www.usv.com/posts/advertising-out-of-context
http://www.usv.com/2006/01/instant-job-boa.php, http://www.usv.com/posts/instant-job-board
http://www.usv.com/2006/01/indeed-job-data-1.php, http://www.usv.com/posts/indeed-job-data
http://www.usv.com/2006/01/physics-the-sec.php, http://www.usv.com/posts/physics-the-second-law-of-thermodynamics
http://www.usv.com/2006/02/web-20-is-an-ox.php, http://www.usv.com/posts/web-20-is-an-oxymoron
http://www.usv.com/2006/02/post-1.php, http://www.usv.com/posts/mathematics-how-much-is-enough
http://www.usv.com/2006/02/feedburner.php, http://www.usv.com/posts/feedburner
http://www.usv.com/2006/02/why-we-invested.php, http://www.usv.com/posts/why-we-invested-in-feedburner
http://www.usv.com/2006/02/research-and-de.php, http://www.usv.com/posts/research-and-development
http://www.usv.com/2006/02/advisory-capita.php, http://www.usv.com/posts/advisory-capital
http://www.usv.com/2006/02/web-services-an.php, http://www.usv.com/posts/web-services-and-devices
http://www.usv.com/2006/03/tacoda-raises-1.php, http://www.usv.com/posts/tacoda-raises-12-million
http://www.usv.com/2006/03/looking-ahead.php, http://www.usv.com/posts/looking-ahead
http://www.usv.com/2006/03/will-computing-1.php, http://www.usv.com/posts/will-computing-ever-be-as-invisible-as-electricity
http://www.usv.com/2006/03/yes-but.php, http://www.usv.com/posts/yes-but
http://www.usv.com/2006/04/taking-web-serv.php, http://www.usv.com/posts/taking-web-services-to-the-office
http://www.usv.com/2006/04/why-has-the-flo.php, http://www.usv.com/posts/why-has-the-flow-of-technology-reversed
http://www.usv.com/2006/05/a-stray-thought-1.php, http://www.usv.com/posts/a-stray-thought-on-the-micro-chunking-of-media
http://www.usv.com/2006/05/user-tagging-is-1.php, http://www.usv.com/posts/user-tagging-is-fundamental
http://www.usv.com/2006/05/on-influence-1.php, http://www.usv.com/posts/on-influence
http://www.usv.com/2006/05/introducing-bug.php, http://www.usv.com/posts/introducing-bug-labs
http://www.usv.com/2006/05/advertising-to.php, http://www.usv.com/posts/advertising-to-job-seekers
http://www.usv.com/2006/05/what-else-are-y.php, http://www.usv.com/posts/what-else-are-you-interested-in
http://www.usv.com/2006/05/replicating-sil.php, http://www.usv.com/posts/replicating-silicon-valley
http://www.usv.com/2006/06/how-does-indeed-1.php, http://www.usv.com/posts/how-does-indeed-make-money
http://www.usv.com/2006/06/etsy-1.php, http://www.usv.com/posts/etsy
http://www.usv.com/2006/06/why-we-admire-c.php, http://www.usv.com/posts/why-we-admire-craigslist
http://www.usv.com/2006/06/oddcast.php, http://www.usv.com/posts/oddcast
http://www.usv.com/2006/06/union-square-se-1.php, http://www.usv.com/posts/union-square-sessions-2-public-policy-and-innovation
http://www.usv.com/2006/06/sessions.php, http://www.usv.com/posts/sessions
http://www.usv.com/2006/07/a-bittersweet-m.php, http://www.usv.com/posts/a-bittersweet-moment
http://www.usv.com/2006/07/through-the-loo-1.php, http://www.usv.com/posts/through-the-looking-glass-into-the-net-neutrality-debate
http://www.usv.com/2006/07/sessions-patent.php, http://www.usv.com/posts/do-patents-encourage-or-stifle-innovation
http://www.usv.com/2010/01/we-need-an-independent-invention-defense-to-minimize-the-damage-of-aggressive-patent-trolls.php, http://www.usv.com/posts/we-need-an-independent-invention-defense-to-minimize-the-damage-of-aggressive-patent-trolls
http://www.usv.com/2006/07/looking-for-the.php, http://www.usv.com/posts/looking-for-the-right-person
http://www.usv.com/2006/08/our-focus.php, http://www.usv.com/posts/our-focus
http://www.usv.com/2006/08/potential-to-ch-1.php, http://www.usv.com/posts/potential-to-change-the-structure-of-markets
http://www.usv.com/2006/08/information-tec.php, http://www.usv.com/posts/information-technology-leverage
http://www.usv.com/2006/08/defensibility.php, http://www.usv.com/posts/defensibility
http://www.usv.com/2006/08/scalability.php, http://www.usv.com/posts/scalability
http://www.usv.com/2006/08/business-develo.php, http://www.usv.com/posts/business-development-20
http://www.usv.com/2006/08/welcome-andrew-1.php, http://www.usv.com/posts/welcome-andrew-parker
http://www.usv.com/2006/09/other-things-we.php, http://www.usv.com/posts/other-things-we-look-for
http://www.usv.com/2006/09/history-doesnt-1.php, http://www.usv.com/posts/history-doesnt-repeat-itself-but-it-does-rhyme
http://www.usv.com/2006/09/early-stage-inv.php, http://www.usv.com/posts/early-stage-investing
http://www.usv.com/2006/09/traction.php, http://www.usv.com/posts/traction
http://www.usv.com/2006/10/lead-investor.php, http://www.usv.com/posts/lead-investor
http://www.usv.com/2006/10/deal-size-1.php, http://www.usv.com/posts/deal-size
http://www.usv.com/2006/11/customer-servic.php, http://www.usv.com/posts/customer-service-is-the-new-marketing
http://www.usv.com/2006/11/geography-1.php, http://www.usv.com/posts/geography
http://www.usv.com/2007/01/founders-and-ma.php, http://www.usv.com/posts/founders-and-management
http://www.usv.com/2007/01/why-we-dont-inv.php, http://www.usv.com/posts/why-we-dont-invest-in-competitive-businesses
http://www.usv.com/2007/01/whats-next.php, http://www.usv.com/posts/whats-next
http://www.usv.com/2007/01/siaa-preview-ke-1.php, http://www.usv.com/posts/siaa-preview-keynote
http://www.usv.com/2007/02/adaptiveblue.php, http://www.usv.com/posts/adaptiveblue
http://www.usv.com/2007/02/outsidein.php, http://www.usv.com/posts/outsidein
http://www.usv.com/2007/04/targetspot-1.php, http://www.usv.com/posts/targetspot
http://www.usv.com/2007/04/reserves.php, http://www.usv.com/posts/reserves
http://www.usv.com/2007/04/cash-flow-forec-1.php, http://www.usv.com/posts/cash-flow-forecasting-isnt-what-it-used-to-be
http://www.usv.com/2007/05/job-board.php, http://www.usv.com/posts/job-board
http://www.usv.com/2007/05/who-do-you-trus.php, http://www.usv.com/posts/who-do-you-trust-to-edit-your-news
http://www.usv.com/2007/05/dick-costolo-on.php, http://www.usv.com/posts/dick-costolo-on-wallstrip
http://www.usv.com/2007/05/feedburner-is-a.php, http://www.usv.com/posts/feedburner-is-acquired-by-google
http://www.usv.com/2007/06/wesabe-is-more.php, http://www.usv.com/posts/wesabe-is-more-than-a-personal-financial-service
http://www.usv.com/2007/06/introducing-alb.php, http://www.usv.com/posts/introducing-albert-wenger
http://www.usv.com/2007/07/clickable.php, http://www.usv.com/posts/clickable
http://www.usv.com/2007/07/twitter.php, http://www.usv.com/posts/twitter
http://www.usv.com/2007/07/aoltime-warner-1.php, http://www.usv.com/posts/aoltime-warner-buys-tacoda
http://www.usv.com/2007/08/hiring-a-vp-of.php, http://www.usv.com/posts/hiring-a-vp-of-engineering-or-cto-for-non-techie-first-time-founders
http://www.usv.com/2007/09/what-i-want-fro-1.php, http://www.usv.com/posts/what-i-want-from-bug-labs
http://www.usv.com/2007/09/post-2.php, http://www.usv.com/posts/there-are-no-open-web-services
http://www.usv.com/2007/09/i-want-a-new-pl.php, http://www.usv.com/posts/i-want-a-new-platform
http://www.usv.com/2007/09/union-square-se-2.php, http://www.usv.com/posts/union-square-sessions-3-hacking-philanthropy
http://www.usv.com/2007/10/hacking-philant.php, http://www.usv.com/posts/hacking-philanthropy-the-transcript
http://www.usv.com/2010/02/twilio.php, http://www.usv.com/posts/twilio
http://www.usv.com/2007/10/markets-and-phi.php, http://www.usv.com/posts/markets-and-philanthropy
http://www.usv.com/2007/10/tumblr.php, http://www.usv.com/posts/tumblr
http://www.usv.com/2007/11/why-past-perfor.php, http://www.usv.com/posts/why-past-performance-is-a-good-predictor-of-future-returns-in-the-venture-capital-asset-class
http://www.usv.com/2007/11/failure-rates-i.php, http://www.usv.com/posts/failure-rates-in-early-stage-venture-deals
http://www.usv.com/2007/11/why-early-stage.php, http://www.usv.com/posts/why-early-stage-venture-investments-fail
http://www.usv.com/2008/01/zynga-game-netw.php, http://www.usv.com/posts/zynga-game-network
http://www.usv.com/2007/12/googles-data-as.php, http://www.usv.com/posts/googles-data-asset
http://www.usv.com/2008/01/etsys-new-finan.php, http://www.usv.com/posts/etsys-new-financing-and-what-they-are-going-to-do-with-it
http://www.usv.com/2008/02/were-hiring.php, http://www.usv.com/posts/were-hiring
http://www.usv.com/2008/03/new-fund-same-f.php, http://www.usv.com/posts/new-fund-same-focus
http://www.usv.com/2008/03/targetspot-rais.php, http://www.usv.com/posts/targetspot-raises-series-b-round
http://www.usv.com/2008/03/disqus.php, http://www.usv.com/posts/disqus
http://www.usv.com/2008/03/structural-chan.php, http://www.usv.com/posts/structural-change-and-marketplaces
http://www.usv.com/2008/04/covestor.php, http://www.usv.com/posts/covestor
http://www.usv.com/2008/04/i-may-have-a-ne.php, http://www.usv.com/posts/i-may-have-a-new-platform
http://www.usv.com/2008/04/this-is-nuts.php, http://www.usv.com/posts/this-is-nuts
http://www.usv.com/2008/04/ab-meta.php, http://www.usv.com/posts/ab-meta
http://www.usv.com/2008/04/wesabe-steps-ou.php, http://www.usv.com/posts/wesabe-steps-out
http://www.usv.com/2008/05/outsidein-steps.php, http://www.usv.com/posts/outsidein-steps-it-up
http://www.usv.com/2008/05/losing-jason.php, http://www.usv.com/posts/losing-jason
http://www.usv.com/2008/05/pinch-media-inv.php, http://www.usv.com/posts/pinch-media-investing-on-a-new-platform
http://www.usv.com/2008/06/the-spooky-econ.php, http://www.usv.com/posts/the-weird-economics-of-information
http://www.usv.com/2008/06/and-then-there-1.php, http://www.usv.com/posts/and-then-there-were-five
http://www.usv.com/2008/06/call-for-topics.php, http://www.usv.com/posts/call-for-topics
http://www.usv.com/2008/06/internet-for-ev.php, http://www.usv.com/posts/internet-for-everyone
http://www.usv.com/2008/06/twitter-raises.php, http://www.usv.com/posts/twitter-raises-a-second-round-of-funding
http://www.usv.com/2008/07/twitter-acquire.php, http://www.usv.com/posts/twitter-acquires-summize
http://www.usv.com/2008/07/10gen.php, http://www.usv.com/posts/10gen
http://www.usv.com/2008/07/meetup-the-orig.php, http://www.usv.com/posts/meetup-the-original-web-meets-world-company
http://www.usv.com/2008/07/zynga-announces.php, http://www.usv.com/posts/zynga-announces-new-investment-from-kleiner-perkins-and-ivp
http://www.usv.com/2008/09/zemanta-1.php, http://www.usv.com/posts/zemanta
http://www.usv.com/2008/09/power-to-the-pe-1.php, http://www.usv.com/posts/power-to-the-people
http://www.usv.com/2008/09/why-the-flow-of.php, http://www.usv.com/posts/why-the-flow-of-innovation-has-reversed
http://www.usv.com/2008/10/return-path.php, http://www.usv.com/posts/return-path
http://www.usv.com/2008/11/boxee.php, http://www.usv.com/posts/boxee
http://www.usv.com/2008/12/amee.php, http://www.usv.com/posts/amee
http://www.usv.com/2009/01/arguing-from-fi.php, http://www.usv.com/posts/arguing-from-first-principles
http://www.usv.com/2009/02/twitter-fills-t.php, http://www.usv.com/posts/twitter-fills-the-tank
http://www.usv.com/2009/02/pinch-medias-ip.php, http://www.usv.com/posts/pinch-medias-iphone-app-store-secrets
http://www.usv.com/2009/03/dave-morgan-lau.php, http://www.usv.com/posts/welcome-back-dave
http://www.usv.com/2009/03/hacking-educati.php, http://www.usv.com/posts/hacking-education
http://www.usv.com/2009/04/open-spectrum-i.php, http://www.usv.com/posts/open-spectrum-is-good-policy
http://www.usv.com/2009/05/hacking-education.php, http://www.usv.com/posts/hacking-education-2
http://www.usv.com/2009/05/heyzap.php, http://www.usv.com/posts/heyzap
http://www.usv.com/2009/06/bring-the-world.php, http://www.usv.com/posts/bring-the-world-to-your-event
http://www.usv.com/2009/06/the-mobile-chal.php, http://www.usv.com/posts/the-mobile-challenge
http://www.usv.com/2009/08/chris-and-malco.php, http://www.usv.com/posts/chris-and-malcolm-are-both-wrong
http://www.usv.com/2009/09/foursquare.php, http://www.usv.com/posts/foursquare
http://www.usv.com/2009/10/introducing-tra.php, http://www.usv.com/posts/introducing-trackedcom
http://www.usv.com/2012/06/duolingo.php, http://www.usv.com/posts/duolingo
http://www.usv.com/2009/08/our-focus-intro.php, http://www.usv.com/posts/our-focus-intro
http://www.usv.com/2010/04/hiring-update.php, http://www.usv.com/posts/hiring-update
http://www.usv.com/2010/02/software-patents-are-the-problem-not-the-answer.php, http://www.usv.com/posts/software-patents-are-the-problem-not-the-answer
http://www.usv.com/2010/03/communicator-done-replicator-next-the-future-of-making-stuff.php, http://www.usv.com/posts/communicator-done-replicator-next-the-future-of-making-stuff
http://www.usv.com/2010/03/bidding-goodbye-to-andrew.php, http://www.usv.com/posts/bidding-goodbye-to-andrew
http://www.usv.com/2010/04/usv-is-hiring.php, http://www.usv.com/posts/we-are-hiring
http://www.usv.com/2010/04/hiring-update-2.php, http://www.usv.com/posts/hiring-update-2
http://www.usv.com/2010/04/hiring-update-3.php, http://www.usv.com/posts/hiring-update-3
http://www.usv.com/2010/05/stackoverflow.php, http://www.usv.com/posts/stack-overflow
http://www.usv.com/2010/05/hiring-update-4.php, http://www.usv.com/posts/hiring-update-4
http://www.usv.com/2010/06/final-hiring-update.php, http://www.usv.com/posts/final-hiring-update
http://www.usv.com/2010/06/a-new-analyst-at-usv.php, http://www.usv.com/posts/a-new-member-of-the-usv-team
http://www.usv.com/2010/06/web-services-as-governments.php, http://www.usv.com/posts/web-services-as-governments
http://www.usv.com/2010/06/work-market.php, http://www.usv.com/posts/work-market
http://www.usv.com/2013/01/hi-im-brittany-laughlin-im.php, http://www.usv.com/posts/joining-union-square-ventures
http://www.usv.com/2010/06/getting-started.php, http://www.usv.com/posts/getting-started
http://www.usv.com/2010/07/policies-to-encourage-startup-innovation.php, http://www.usv.com/posts/policies-to-encourage-startup-innovation
http://www.usv.com/2010/08/a-threat-to-startups.php, http://www.usv.com/posts/a-threat-to-startups
http://www.usv.com/2010/08/internet-architecture-and-innovation.php, http://www.usv.com/posts/internet-architecture-and-innovation
http://www.usv.com/2010/09/shapeways.php, http://www.usv.com/posts/shapeways
http://www.usv.com/2010/11/tasty-labs.php, http://www.usv.com/posts/tasty-labs
http://www.usv.com/2010/12/10gen-fills-the-tank.php, http://www.usv.com/posts/10gen-fills-the-tank
http://www.usv.com/2010/12/edmodo.php, http://www.usv.com/posts/edmodo
http://www.usv.com/2010/12/an-applications-agnostic-approach.php, http://www.usv.com/posts/internet-access-should-be-application-agnostic
http://www.usv.com/2013/05/circle-up.php, http://www.usv.com/posts/circleup
http://www.usv.com/2011/01/soundcloud.php, http://www.usv.com/posts/soundcloud
http://www.usv.com/2011/01/the-opportunity-fund.php, http://www.usv.com/posts/the-opportunity-fund
http://www.usv.com/2011/03/kik.php, http://www.usv.com/posts/kik
http://www.usv.com/2011/03/innovation-in-education.php, http://www.usv.com/posts/innovation-in-education
http://www.usv.com/2011/03/stack-overflow-becomes-stack-exchange.php, http://www.usv.com/posts/stack-overflow-becomes-stack-exchange
http://www.usv.com/2011/03/kickstarter.php, http://www.usv.com/posts/kickstarter
http://www.usv.com/2011/06/canvas.php, http://www.usv.com/posts/canvas
http://www.usv.com/2011/06/the-protect-ip-act-will-slow-start-up-innovation.php, http://www.usv.com/posts/the-protect-ip-act-will-slow-start-up-innovation
http://www.usv.com/2011/08/lending-club-1.php, http://www.usv.com/posts/lending-club
http://www.usv.com/2011/08/skillshare.php, http://www.usv.com/posts/skillshare
http://www.usv.com/2011/09/jig---when-you-need-a-little-help.php, http://www.usv.com/posts/jig-when-you-need-a-little-help
http://www.usv.com/2011/09/wattpad.php, http://www.usv.com/posts/wattpad
http://www.usv.com/2012/06/wattpads-continued-re-imagining-of-the-book.php, http://www.usv.com/posts/wattpads-continued-re-imagining-of-the-book
http://www.usv.com/2011/09/turntable.php, http://www.usv.com/posts/turntable
http://www.usv.com/2011/09/were-hiring-1.php, http://www.usv.com/posts/were-hiring-2
http://www.usv.com/2011/10/analyst-hiring-update.php, http://www.usv.com/posts/analyst-hiring-update
http://www.usv.com/2011/10/duck-duck-go.php, http://www.usv.com/posts/duck-duck-go
http://www.usv.com/2011/10/my-back-pages.php, http://www.usv.com/posts/my-back-pages
http://www.usv.com/2011/10/codecademy.php, http://www.usv.com/posts/codecademy
http://www.usv.com/2011/10/analyst-hiring-update-2.php, http://www.usv.com/posts/analyst-hiring-update-2
http://www.usv.com/2011/11/help-protect-internet-innovation.php, http://www.usv.com/posts/help-protect-internet-innovation
http://www.usv.com/2011/11/what-comes-next.php, http://www.usv.com/posts/what-comes-next
http://www.usv.com/2012/02/dwolla.php, http://www.usv.com/posts/dwolla
http://www.usv.com/2012/03/the-freedom-to-innovate.php, http://www.usv.com/posts/the-freedom-to-innovate
http://www.usv.com/2012/04/funding-circle.php, http://www.usv.com/posts/funding-circle
http://www.usv.com/2012/04/the-twitter-patent-hack.php, http://www.usv.com/posts/the-twitter-patent-hack
http://www.usv.com/2012/04/hacking-society.php, http://www.usv.com/posts/hacking-society
http://www.usv.com/2012/05/b-corporation.php, http://www.usv.com/posts/b-corporation
http://www.usv.com/2012/05/behance.php, http://www.usv.com/posts/behance
http://www.usv.com/2012/05/investment-thesis-usv.php, http://www.usv.com/posts/investment-thesis-usv
http://www.usv.com/2012/06/internet-presence-usv.php, http://www.usv.com/posts/the-next-stage-of-usvcom
http://www.usv.com/2012/06/and-then-there-were-nine.php, http://www.usv.com/posts/and-then-there-were-nine
http://www.usv.com/2012/06/hello-world-1.php, http://www.usv.com/posts/hello-world-2
http://www.usv.com/2012/06/joining-usv.php, http://www.usv.com/posts/joining-usv
http://www.usv.com/2012/07/brewster.php, http://www.usv.com/posts/brewster
http://www.usv.com/2012/08/networks-and-the-enterprise.php, http://www.usv.com/posts/networks-and-the-enterprise
http://www.usv.com/2012/09/pollenware.php, http://www.usv.com/posts/pollenware
http://www.usv.com/2012/10/researching-online-education.php, http://www.usv.com/posts/researching-online-education
http://www.usv.com/2012/10/looking-for-design-talent.php, http://www.usv.com/posts/looking-for-design-talent
http://www.usv.com/2012/11/visualizing-our-investments.php, http://www.usv.com/posts/visualizing-our-investments
http://www.usv.com/2012/12/behance-joins-adobe-to-scale-creative-network.php, http://www.usv.com/posts/behance-joins-adobe-to-scale-creative-network
http://www.usv.com/2013/02/hailo.php, http://www.usv.com/posts/hailo
http://www.usv.com/2013/03/sift-science.php, http://www.usv.com/posts/sift-science
http://www.usv.com/2013/04/kitchensurfing.php, http://www.usv.com/posts/kitchensurfing
http://www.usv.com/2013/04/foursquare-checks-in.php, http://www.usv.com/posts/foursquare-checks-in
http://www.usv.com/2013/04/shapeways-restocks.php, http://www.usv.com/posts/shapeways-restocks
http://www.usv.com/2013/04/science-exchange.php, http://www.usv.com/posts/science-exchange
http://www.usv.com/2013/05/coinbase.php, http://www.usv.com/posts/coinbase
http://www.usv.com/2013/05/the-patent-quality-improvement-act.php, http://www.usv.com/posts/the-patent-quality-improvement-act
http://www.usv.com/2013/05/yahoo-acquires-tumblr.php, http://www.usv.com/posts/yahoo-acquires-tumblr
http://www.usv.com/2013/06/auxmoney-1.php, http://www.usv.com/posts/auxmoney
http://www.usv.com/2013/06/firebase.php, http://www.usv.com/posts/firebase
http://www.usv.com/2013/07/sigfig.php, http://www.usv.com/posts/sigfig
http://www.usv.com/2013/07/transparency-in-government-surveillance.php, http://www.usv.com/posts/transparency-in-government-surveillance
http://www.usv.com/2013/10/splice.php, http://www.usv.com/posts/splice
http://www.usv.com/2013/08/vhx.php, http://www.usv.com/posts/vhx